song,artist,category
Monster (Shawn Mendes & Justin Bieber),Shawn Mendes,toplists
positions,Ariana Grande,toplists
Therefore I Am,Billie Eilish,toplists
Levitating (feat. DaBaby),Dua Lipa,toplists
Dakiti,Bad Bunny,toplists
Errbody,Lil Baby,toplists
Whoopty,CJ,toplists
Drankin N Smokin,Future,toplists
On Me,Lil Baby,toplists
PRACTICE,DaBaby,toplists
Regardless,RAYE,toplists
Save My Life (feat. Lovespeake),David Guetta,toplists
Paul Is Dead,Scooter,toplists
No Time For Tears,Nathan Dawe,toplists
Lovefool (feat. Pia Mia),twocolors,toplists
acting like that (feat. Machine Gun Kelly),YUNGBLUD,toplists
Dirty,grandson,toplists
ESTELLA// (feat. Travis Barker),KennyHoopla,toplists
Trouble’s Coming,Royal Blood,toplists
Take Me Away,Ayron Jones,toplists
Not Another Love Song,Ella Mai,toplists
Damage,H.E.R.,toplists
Hit Different,SZA,toplists
Wake Up Love,Teyana Taylor,toplists
Pick Up Your Feelings,Jazmine Sullivan,toplists
Blinding Lights,The Weeknd,2020
Dance Monkey,Tones And I,2020
The Box,Roddy Ricch,2020
Roses - Imanbek Remix,SAINt JHN,2020
Don't Start Now,Dua Lipa,2020
Dakiti,Bad Bunny,2020
Toosie Slide,Drake,2020
Azul,J Balvin,2020
Come & Go (with Marshmello),Juice WRLD,2020
Blinding Lights,The Weeknd,2020
everything i wanted,Billie Eilish,2020
the 1,Taylor Swift,2020
34+35,Ariana Grande,2020
Physical,Dua Lipa,2020
Without Me,Halsey,2020
Safaera,Bad Bunny,2020
Laugh Now Cry Later (feat. Lil Durk),Drake,2020
Rojo,J Balvin,2020
Wishing Well,Juice WRLD,2020
In Your Eyes,The Weeknd,2020
Dynamite,BTS,2020
Memories,Maroon 5,2020
Bohemian Rhapsody - Remastered 2011,Queen,2020
What Makes You Beautiful,One Direction,2020
Thunder,Imagine Dragons,2020
if we never met (feat. Kelsea Ballerini),John K,at_home
Demons,Imagine Dragons,at_home
Youngblood,5 Seconds of Summer,at_home
Without Me,Halsey,at_home
This City,Sam Fischer,at_home
(Everything I Do) I Do It For You,Bryan Adams,at_home
Another Day in Paradise - 2016 Remaster,Phil Collins,at_home
All Night Long (All Night) - Single Version,Lionel Richie,at_home
Kiss Me,Sixpence None The Richer,at_home
The Man Who Can't Be Moved,The Script,at_home
I Follow Rivers,Helion,at_home
Don't Leave Me Now,Lost Frequencies,at_home
Unbreakable (feat. Clarence Coffee Jr.),BUNT.,at_home
Hallucinate - Paul Woolford Remix,Dua Lipa,at_home
You Should Know (feat. Craig Smart),Sam Feldt,at_home
Prey,Lehiotik,at_home
I Don't Care,aesvec.,at_home
Crush,braj mahal,at_home
Wish We Could Stay Like This Forever,ocha,at_home
Sweet Hangover,Peter Kind,at_home
PAPÁS,Mau y Ricky,at_home
Tattoo - Remix with Camilo,Rauw Alejandro,at_home
Caramelo,Ozuna,at_home
my future,Billie Eilish,at_home
Intentions (feat. Quavo),Justin Bieber,at_home
Monster (Shawn Mendes & Justin Bieber),Shawn Mendes,pop
positions,Ariana Grande,pop
Therefore I Am,Billie Eilish,pop
Levitating (feat. DaBaby),Dua Lipa,pop
Dakiti,Bad Bunny,pop
Teach Me How To Love,Shawn Mendes,pop
Heat Waves,Glass Animals,pop
Coco (feat. DaBaby),24kGoldn,pop
Safe With Me (with Audrey Mika),Gryffin,pop
WITHOUT YOU,The Kid LAROI,pop
Levitating (feat. DaBaby),Dua Lipa,mood
The Best Days (feat. Tabitha),Sam Feldt,mood
Love Not War (The Tampa Beat),Jason Derulo,mood
Edge of Midnight (Midnight Sky Remix) (feat. Stevie Nicks),Miley Cyrus,mood
Fly Away,Tones And I,mood
This Will Be (An Everlasting Love),Natalie Cole,mood
Midnight Train to Georgia,Gladys Knight & The Pips,mood
How Long Do I Have to Wait for You?,Sharon Jones & The Dap-Kings,mood
Are You Ready to Love Me?,The War and Treaty,mood
Love Train,The O'Jays,mood
Garden Song,Phoebe Bridgers,mood
Ain't No Grave (Sparse),Crooked Still,mood
Washed Away,Emily Jane White,mood
Farm,Skullcrusher,mood
Drawing out the Line,Noah Gundersen,mood
Kiriume,Arden Forest,mood
Beginning,Megan Wofford,mood
Morgensol,Bolethe Kristensen,mood
Con el tiempo todo se consigue,Claribel Ramón,mood
Mali Lošinj,Valerija Novosel,mood
Body,Megan Thee Stallion,mood
Buss It,Erica Banks,mood
Bossa Nova (feat. Tee Grizzley),Kash Doll,mood
34+35,Ariana Grande,mood
Like That (feat. Gucci Mane),Doja Cat,mood
Woman in Love,Barbra Streisand,decades
Baby Can I Hold You,Tracy Chapman,decades
I Still Haven't Found What I'm Looking For - Remastered 2007,U2,decades
What's Love Got to Do with It,Tina Turner,decades
The Power Of Love,Huey Lewis & The News,decades
This Love,Maroon 5,decades
If You're Not The One,Daniel Bedingfield,decades
Just Dance,Lady Gaga,decades
About You Now,Sugababes,decades
Hips Don't Lie (feat. Wyclef Jean),Shakira,decades
Thinking out Loud,Ed Sheeran,decades
Sorry,Justin Bieber,decades
Roar,Katy Perry,decades
Glad You Came,The Wanted,decades
Señorita,Shawn Mendes,decades
I Want It That Way,Backstreet Boys,decades
Torn,Natalie Imbruglia,decades
Stay Another Day,East 17,decades
"It Must Have Been Love - From the Film ""Pretty Woman""",Roxette,decades
Wonderwall,Oasis,decades
Stayin' Alive - Remastered Version,Bee Gees,decades
"Signed, Sealed, Delivered (I'm Yours)",Stevie Wonder,decades
Wonderful Tonight,Eric Clapton,decades
"Rocket Man (I Think It's Going To Be A Long, Long Time)",Elton John,decades
September,"Earth, Wind & Fire",decades
Errbody,Lil Baby,hiphop
Whoopty,CJ,hiphop
Drankin N Smokin,Future,hiphop
On Me,Lil Baby,hiphop
PRACTICE,DaBaby,hiphop
Fallen Blixkys,22Gz,hiphop
No Negotiations,Sheff G,hiphop
TRAGIC (feat. Youngboy Never Broke Again & Internet Money),The Kid LAROI,hiphop
Like Me (feat. iann dior),$NOT,hiphop
Quicksand,Morray,hiphop
You’re Mines Still (feat. Drake),Yung Bleu,hiphop
Letter 2 U,J.I the Prince of N.Y,hiphop
Coco (feat. DaBaby),24kGoldn,hiphop
DOORS UNLOCKED (feat. Ty Dolla $ign & Polo G),Murda Beatz,hiphop
WRONG (feat. Lil Mosey),The Kid LAROI,hiphop
POWER,Kanye West,hiphop
Roman's Revenge,Nicki Minaj,hiphop
No Hands (feat. Roscoe Dash & Wale),Waka Flocka Flame,hiphop
Run This Town,JAY-Z,hiphop
Black and Yellow,Wiz Khalifa,hiphop
Body,Megan Thee Stallion,hiphop
Buss It,Erica Banks,hiphop
Bossa Nova (feat. Tee Grizzley),Kash Doll,hiphop
34+35,Ariana Grande,hiphop
Like That (feat. Gucci Mane),Doja Cat,hiphop
I'm Ready,Jaden,gaming
MEGALOVANIA,Toby Fox,gaming
Little,Jany Green,gaming
Unity,TheFatRat,gaming
"No Save Point - From ""Cyberpunk 2077""",Run The Jewels,gaming
B.B. King Freestyle (with Drake),Lil Wayne,gaming
Dunya (feat. LukeyWorld),GoldLink,gaming
So High,Tm88,gaming
Wolves (feat. Post Malone),Big Sean,gaming
Tyler Herro,Jack Harlow,gaming
Anything You Synthesize - Ambient,The American Dollar,gaming
Nobody,Hiatus,gaming
A Beautiful Mine,RJD2,gaming
Stop Everything! It's Snowing,Good Weather For An Airstrike,gaming
Open Eye Signal,Jon Hopkins,gaming
Fly with me,millennium parade × ghost in the shell: SAC_2045,gaming
(Theme From) Red Dead Redemption,Bill Elm & Woody Jackson,gaming
Death Stranding,CHVRCHES,gaming
Captured,Sami Matar,gaming
Infinity War,Alan Silvestri,gaming
Halo,Martin O'Donnell,gaming
The Last of Us,Gustavo Santaolalla,gaming
God of War,Bear McCreary,gaming
Pokémon®,Video Games Live,gaming
Dragonborn,Jeremy Soule,gaming
Astral Wonder,Moon Oceans,wellness
Evergreen,Cooper Sams,wellness
Karlavagnen,Karlavagnen,wellness
Montana,Isobel Belano,wellness
Electron,Sisi Row,wellness
A Message of Hope,Elise Magnefold,wellness
Morning Haze,Blissful Heaven,wellness
White Waves,Lama House,wellness
Midsummer Sun,Louis Debreaux,wellness
Cold Spring,Kyle McEvoy,wellness
Halvmåne,Månvarv,wellness
Phaedra,Arlette Leduc,wellness
Eyes of Redemption,Dolores Fernel,wellness
Sogno Illuminum,Enchanted Feel,wellness
Endless Nights,Devansh Tushar,wellness
Lugnet,Najma Wallin,wellness
Ethereal,Threedust,wellness
Spaces,Spirit Minds,wellness
Pampus,Dardan Leistra,wellness
Rêvasseur,Charmaine D'Avis,wellness
Forever Vanished,Rick Hagen,wellness
Warmest Embrace,Dean Valio,wellness
Ocean Deep,MAVALA,wellness
Phaedra,Arlette Leduc,wellness
Will you be there when I wake up,Gemma Casimaty,wellness
HOLIDAY,Lil Nas X,workout
Walk Em Down (feat. Roddy Ricch),NLE Choppa,workout
GTA (feat. 42 Dugg),Meek Mill,workout
Blastoff (feat. Juice Wrld & Trippie Redd),Internet Money,workout
Soy Una Gargola,Rauw Alejandro,workout
XS,Rina Sawayama,workout
Purple Hat,Sofi Tukker,workout
Heart Of Glass (Live from the iHeart Festival),Miley Cyrus,workout
Fever,Dua Lipa,workout
Higher Love,Kygo,workout
Prisoner (feat. Dua Lipa),Miley Cyrus,workout
Donuts (feat. Yung Bae),kenzie,workout
Safe With Me (with Audrey Mika),Gryffin,workout
Monster (Shawn Mendes & Justin Bieber),Shawn Mendes,workout
Love Not War (The Tampa Beat),Jason Derulo,workout
Mad World,Timmy Trumpet,workout
Energy,Stace Cadet,workout
Goosebumps,HVME,workout
Love Not War (The Tampa Beat),Jason Derulo,workout
Edge of Midnight (Midnight Sky Remix) (feat. Stevie Nicks),Miley Cyrus,workout
I Follow Rivers,Helion,workout
Don't Leave Me Now,Lost Frequencies,workout
Unbreakable (feat. Clarence Coffee Jr.),BUNT.,workout
Hallucinate - Paul Woolford Remix,Dua Lipa,workout
You Should Know (feat. Craig Smart),Sam Feldt,workout
Goosebumps,Bastille,chill
Can’t Imagine,Shawn Mendes,chill
Better Days (feat. Justin Timberlake),Ant Clemons,chill
Umbrella,Duncan Laurence,chill
Angels Like You,Miley Cyrus,chill
Alabora,Beyhude,chill
Swim,COLIN,chill
All I Ever Wanted,Misc.Inc,chill
Follow Me,SoN,chill
Schwimmend,Karl Rosskopf,chill
dreamin',53 Thieves,chill
I Need U,yaeow,chill
homebody,Kamal.,chill
Rain,Lucy Park,chill
You're All I Want,Cigarettes After Sex,chill
don't be so hard on yourself,dj poolboi,chill
All My Days,Forester,chill
Her Theme,Lstn,chill
I Can't See,ROW,chill
Ikebana,Nora Van Elken,chill
900 Miles,Terry Callier,chill
Let Him Fly,Patty Griffin,chill
Our Town,Iris DeMent,chill
Clay Pigeons,John Prine,chill
Ooh La La - 2015 Remaster,Faces,chill
Flow,Michael Brogadaccio,focus
Spaces,Gus Cleese,focus
The Tower of Embellion,Muni Yogi,focus
Quiet Dreams,MVS,focus
Quasar,Tejal Yann,focus
Reveries,Ava Cerasoli,focus
Sea Change,Stephan Moccio,focus
All that Glitters,Mino Monterosso,focus
Vals De Rodrigues,Eric Badanti,focus
Ripples,Sean Oban,focus
Stardust,Riccardo Frediani,focus
May,Mree,focus
Oltre - The Shape Of Piano To Come Vol. I,Emiliano Blangero,focus
Gaia - The Shape Of Piano To Come Vol. I,Angel Ruedinger,focus
Mare di dicembre,Francesco Taskayali,focus
Remembering,Ever So Blue,focus
Rites of Passage,Chris Donner,focus
Things Unsaid,Marcos Betancourt,focus
Gouttes,Guilliaume Om,focus
Morning Sun,Irma Kantola,focus
Young Love,Pamela Goldings,focus
Now and Then,Carluccio,focus
Memories In Red,Fredrik Lundberg,focus
Asilah,Sumsar,focus
Humbly,Gail Singleton,focus
Schlafmittel,Felix Hertzog,sleep
Étude des Papillons,Planète Sauvage,sleep
Sogno Illuminum,Enchanted Feel,sleep
Touha,Marie Protivová,sleep
Med slutna ögon,Najma Wallin,sleep
Calm Waves pt. 2,Outside HD Samples,sleep
Soothing Evening waves Of Nerja 1,Soothing Waves Of Nerja,sleep
Pebble Beach Waves,Shoreline Sounds,sleep
Baltic Ocean Wave Sounds,JBE Nature Sounds,sleep
Waves in Westhampton Beach,Ocean in HD,sleep
Close Ear to Ear Whispered Countdown to Sleep Pt.4,HeatheredEffect ASMR,sleep
Let Me Help You Fall Asleep ASMR,Angel's Tempting Tingles ASMR,sleep
A is for Apple,ASMR Bedtime,sleep
"Super sleepy attention, close positive whispers, inaudible whispers Pt.1",RoseASMR,sleep
Sleep Clinic Part 2,Karuna Satori ASMR,sleep
Deeper Sun,Abe Hathot,sleep
Late in the Afternoon,Project Kronos,sleep
Placidity - Studio Edit,SARAB,sleep
Lucent Path,NAYAT,sleep
Nada,Clarissa Bitar,sleep
Someone Like You (feat. Gia Koka) - Azello Remix,DJ D-Sol,party
NOPUS,Eric Prydz,party
Techno Prank,Dubdogz,party
Enough Of You,Tujamo,party
Deep Down Low,Valentino Khan,party
Sexy Bitch (feat. Akon),David Guetta,party
DJ Got Us Fallin' In Love (feat. Pitbull),Usher,party
Good Feeling,Flo Rida,party
Only Girl (In The World),Rihanna,party
Loca People - Radio Edit,Sak Noel,party
Shower,Becky G,party
Circles,Megan Thee Stallion,party
Love Not War (The Tampa Beat),Jason Derulo,party
Prisoner (feat. Dua Lipa),Miley Cyrus,party
My Head & My Heart,Ava Max,party
Monsters (feat. blackbear),All Time Low,party
Take Me Out,Franz Ferdinand,party
The Best (feat. Alice Merton),AWOLNATION,party
Lo/Hi,The Black Keys,party
Brooklyn Bridge To Chorus,The Strokes,party
Body,Megan Thee Stallion,party
Buss It,Erica Banks,party
Bossa Nova (feat. Tee Grizzley),Kash Doll,party
34+35,Ariana Grande,party
Like That (feat. Gucci Mane),Doja Cat,party
Black Lungs,Architects,metal
The Path,Fit For A King,metal
Protect The Land,System Of A Down,metal
Let The Chaos Reign,Pop Evil,metal
SLEEPS SOCIETY,While She Sleeps,metal
Black Lungs,Architects,metal
Glass Heart,Captives,metal
HostAge At A BeAch House PArty,AVOID,metal
that won't save us,Against The Current,metal
Clarity,ENMY,metal
Rollin' (Air Raid Vehicle),Limp Bizkit,metal
Butterfly,Crazy Town,metal
One Step Closer,Linkin Park,metal
Chop Suey!,System Of A Down,metal
Falling Away from Me,Korn,metal
Unsainted,Slipknot,metal
Uncontrollable Descent,Emmure,metal
Paramount,August Burns Red,metal
One Folk,Equilibrium,metal
Outsider,Veil Of Maya,metal
Paranoid,Black Sabbath,metal
Immigrant Song - Remaster,Led Zeppelin,metal
Ace of Spades,Motörhead,metal
Highway Star - Remastered 2012,Deep Purple,metal
Holy Diver,Dio,metal
Whole Lotta Love - 1990 Remaster,Led Zeppelin,rock
All Along the Watchtower,Jimi Hendrix,rock
Back In Black,AC/DC,rock
"Paint It, Black - Mono",The Rolling Stones,rock
Rebel Rebel - 1999 Remaster,David Bowie,rock
Do You Love Me,The Contours,rock
Shakin' All Over,Johnny Kidd & The Pirates,rock
The Twist,Chubby Checker,rock
Viva Las Vegas,Elvis Presley,rock
Somethin' Else,Eddie Cochran,rock
Poison,Alice Cooper,rock
Kick It In - Remastered 2002,Simple Minds,rock
Batdance,Prince,rock
Sick Of It,The Primitives,rock
Pure,The Lightning Seeds,rock
Last Kiss,Pearl Jam,rock
All Star,Smash Mouth,rock
She's so High,Tal Bachman,rock
Scar Tissue,Red Hot Chili Peppers,rock
Black Balloon,The Goo Goo Dolls,rock
Smells Like Teen Spirit,Nirvana,rock
Zombie,The Cranberries,rock
Under the Bridge,Red Hot Chili Peppers,rock
Killing In The Name,Rage Against The Machine,rock
Wonderwall - Remastered,Oasis,rock
Regardless,RAYE,edm_dance
Save My Life (feat. Lovespeake),David Guetta,edm_dance
Paul Is Dead,Scooter,edm_dance
No Time For Tears,Nathan Dawe,edm_dance
Lovefool (feat. Pia Mia),twocolors,edm_dance
don't be so hard on yourself,dj poolboi,edm_dance
All My Days,Forester,edm_dance
Her Theme,Lstn,edm_dance
I Can't See,ROW,edm_dance
Ikebana,Nora Van Elken,edm_dance
Beirut,Soltan,edm_dance
Kings,Bailo,edm_dance
TIKTOK,BLVK JVCK,edm_dance
Operator Bludgeoning,Chee,edm_dance
Chicane - Kumarion Remix,QUIX,edm_dance
Run,Steny,edm_dance
Home,Solomun,edm_dance
Trapdoor,Gorgon City,edm_dance
Need To Feel Loved - Tinlicker Remix,Reflekt,edm_dance
Enchantment,Nora En Pure,edm_dance
Believer (feat. Wynter Gordon) - Radio Edit,Freemasons,edm_dance
Blue (Da Ba Dee) - Gabry Ponte Video Edit,Eiffel 65,edm_dance
Every Word (feat. Daniella) - Wendel Kos Radio Edit,Ercola,edm_dance
Fight For You - Sultan & Ned Shephard Remix Radio Edit,Morgan Page,edm_dance
Infinity - Klaas Vocal Mix,Guru Josh Project,edm_dance
Words Ain't Enough,Tessa Violet,dinner
I’m Okay Though,Sara Kays,dinner
Take It With Me,S. Carey,dinner
don't waste your time,slchld,dinner
Sundowner,Kevin Morby,dinner
Stella By Starlight,Herlin Riley,dinner
Cedar Waltzin' ~ Don't You Worry 'bout a Thing,Eric Reed,dinner
Captain’s Song,Connie Han,dinner
L.A. 58,Aldo Romano,dinner
All Things Considered,Andy Laverne,dinner
anywhere,Jonah Yano,dinner
Ophelia,The Lumineers,dinner
Power Over Me,Dermot Kennedy,dinner
The Girl,City and Colour,dinner
Georgia,Vance Joy,dinner
Ocean,Gradient Island,dinner
That Something,Jones Meadow,dinner
Moments of Clarity,Gallway Flex,dinner
Train 201,Raytone,dinner
Taormina,Deep Divers,dinner
La del bar,Gèrard,dinner
Mar Y Cielo,La Marisoul,dinner
Lo Mismo Que Usted,Pantoja,dinner
Calaveras y Diablitos,Los Fabulosos Cadillacs,dinner
Oye Como Va,Faul & Wad Ad,dinner
Blue Train - Remastered 2003,John Coltrane,jazz
It Could Happen To You,Miles Davis Quintet,jazz
Joy Spring,Clifford Brown,jazz
Weaver Of Dreams - Remastered 2003/Rudy Van Gelder Edition,Freddie Hubbard,jazz
This I Dig Of You - Remastered 1999/Rudy Van Gelder Edition,Hank Mobley,jazz
Ke Nako,Bokani Dyer,jazz
Welcome to the Hills,Yussef Dayes,jazz
Nuda Sorgente,Lorenzo Morresi,jazz
Floating Island,Matthew Halsall,jazz
Não Tem Nada Não Jazz,Kaidi & NK-OK,jazz
I Think It's Going to Rain Today,Lucia Cadotsch,jazz
ignorance is bliss,Kei Matsumaru,jazz
Tidal,Nicole McCabe,jazz
In the Shadow of Joe Oliver,Branford Marsalis,jazz
I Had a Dream,Chris Potter,jazz
Together,Matthew Halsall,jazz
Misty - Remastered 2020,Erroll Garner,jazz
Simplicity,Edward Simon,jazz
Clouds,Portraits in Jazz,jazz
Our Son,Al Foster,jazz
Blues Walk,Lou Donaldson,jazz
Moanin',Art Blakey,jazz
Cantaloupe Island - Remastered 1999 / Rudy Van Gelder Edition,Herbie Hancock,jazz
One For Daddy-O - Remastered,Cannonball Adderley,jazz
Book Of Slim,Gene Harris & The Three Sounds,jazz
Thank God I Found You (feat. Joe & Nas) - Make It Last Remix Edit,Mariah Carey,rnb
Stutter (feat. Mystikal) - Double Take Remix,Joe,rnb
Go On Girl,Ne-Yo,rnb
Stingy,Ginuwine,rnb
That Girl,Marques Houston,rnb
808,Blaque,rnb
Never Too Busy,Kenny Lattimore,rnb
Nobody Else,Tyrese,rnb
It Had to Be You,Silk,rnb
How Deep Is Your Love,Dru Hill,rnb
Love On Top,Beyoncé,rnb
Adorn,Miguel,rnb
Redbone,Childish Gambino,rnb
Don't,Bryson Tiller,rnb
Best Part (feat. H.E.R.),Daniel Caesar,rnb
Slow Down,VanJess,rnb
You Got It,Vedo,rnb
Dead Man Walking,Brent Faiyaz,rnb
I Like,ROE,rnb
Opia,Savannah Ré,rnb
Don't Waste My Time (feat. Ella Mai),Usher,rnb
Gotta Move On,Toni Braxton,rnb
Caught Up (feat. Khalid),Majid Jordan,rnb
Got Me (with Ari Lennox & Omen feat. Ty Dolla $ign & Dreezy),Dreamville,rnb
Bust Your Windows,Jazmine Sullivan,rnb
Let Go,Chama Wijnen,instrumental
FILO,Traßel SüD,instrumental
High Beliefs,Moments of Clarity,instrumental
W.E.,Asa Bjorg,instrumental
Atmos Eleven,Atmos 11,instrumental
Bad Guy,Eklipse,instrumental
Blinding Lights,Vitamin String Quartet,instrumental
Señorita,Simply Three,instrumental
Smells Like Teen Spirit - Piano Cover,Queenz of Piano,instrumental
Rain On Me,Vitamin String Quartet,instrumental
Poetic Wax,Dusty Decks,instrumental
Postman,Carl Dickman,instrumental
Lie Down,Kino B,instrumental
Tiny Things,Giants' Nest,instrumental
Lef T,DCS Lefty,instrumental
Ravel's Bolero,Ferrante & Teicher,instrumental
Sleepwalk,Santo & Johnny,instrumental
Spanish Harlem - Nuits d'Espagne,Franck Pourcel,instrumental
Soleado,John Days,instrumental
Saute-Mouton,James Last,instrumental
Kyoto,Innocent Panda,instrumental
Lofi Nights,Best Friends Club,instrumental
Treehouse,Ran the Man,instrumental
Mist,N78,instrumental
Vibrations From You,Tomas Skyldeberg,instrumental
"Hungry Eyes - From ""Dirty Dancing"" Soundtrack",Eric Carmen,romance
Hard to Say I'm Sorry - 2007 Remaster,Chicago,romance
Every Breath You Take,The Police,romance
Heaven,Bryan Adams,romance
All Out of Love,Air Supply,romance
Iris,The Goo Goo Dolls,romance
Torn - Acoustic MTV Unplugged,Natalie Imbruglia,romance
Crash into Me,Dave Matthews Band,romance
Fade Into You,Mazzy Star,romance
"I Don't Want to Miss a Thing - From ""Armageddon"" Soundtrack",Aerosmith,romance
Forever After All,Luke Combs,romance
The Bones,Maren Morris,romance
The Good Ones,Gabby Barrett,romance
Got What I Got,Jason Aldean,romance
Love You Like I Used To,Russell Dickerson,romance
Slow Down,VanJess,romance
You Got It,Vedo,romance
Dead Man Walking,Brent Faiyaz,romance
I Like,ROE,romance
Opia,Savannah Ré,romance
Make You Feel My Love,Adele,romance
Your Song,Elton John,romance
All of Me,John Legend,romance
At Last - Single Version,Etta James,romance
Beyond,Leon Bridges,romance
I Heard It Through The Grapevine,Marvin Gaye,soul
I Want You Back,The Jackson 5,soul
My Girl,The Temptations,soul
Someday We'll Be Together,Diana Ross & The Supremes,soul
Give It To Me Baby,Rick James,soul
Ain't No Mountain High Enough,Marvin Gaye,soul
What Becomes Of The Brokenhearted - Single Version,Jimmy Ruffin,soul
Nowhere To Run - Single Version / Mono,Martha Reeves & The Vandellas,soul
It Takes Two,Marvin Gaye,soul
Shotgun,Jr. Walker & The All Stars,soul
My Guy,Mary Wells,soul
Needle In A Haystack,The Velvelettes,soul
You've Been In Love Too Long - Single Version,Martha Reeves & The Vandellas,soul
If I Were Your Woman,Gladys Knight & The Pips,soul
Love Child,Diana Ross & The Supremes,soul
What's Going On,Marvin Gaye,soul
I Should Be Proud,Martha Reeves & The Vandellas,soul
Ball Of Confusion (That's What The World Is Today),The Temptations,soul
War,Edwin Starr,soul
Friendship Train,Gladys Knight & The Pips,soul
Come And Get These Memories,Martha Reeves & The Vandellas,soul
Cloud Nine,The Temptations,soul
Reach Out I'll Be There - Single Version / Mono,Four Tops,soul
Where Did Our Love Go,The Supremes,soul
Shop Around,The Miracles,soul
you should see me in a crown,Billie Eilish,indie_alt
Youth,Glass Animals,indie_alt
We Appreciate Power,Grimes,indie_alt
Motion Sickness,Phoebe Bridgers,indie_alt
"Archie, Marry Me",Alvvays,indie_alt
Sexy Boy,Air,indie_alt
You Can Have It All,Yo La Tengo,indie_alt
The First Big Weekend,Arab Strap,indie_alt
Girl From Mars,Ash,indie_alt
New French Girlfriend,The Auteurs,indie_alt
Nothing To Be Done,The Pastels,indie_alt
Alison,Slowdive,indie_alt
Call Me,Blondie,indie_alt
Just Like Honey,The Jesus and Mary Chain,indie_alt
Genius of Love,Tom Tom Club,indie_alt
Close To Me,The Cure,indie_alt
Blue Monday - 2016 Remaster,New Order,indie_alt
This Charming Man - 2011 Remaster,The Smiths,indie_alt
Town Called Malice,The Jam,indie_alt
She Sells Sanctuary,The Cult,indie_alt
Grass,Animal Collective,indie_alt
Hope There's Someone,Antony and the Johnsons,indie_alt
Wake Up,Arcade Fire,indie_alt
I Bet You Look Good On The Dancefloor,Arctic Monkeys,indie_alt
Killamangiro,Babyshambles,indie_alt
"The Well-Tempered Clavier: Book 1, BWV 846-869: 1. Prelude in C Major, BWV 846",Johann Sebastian Bach,classical
The Lark Ascending,Ralph Vaughan Williams,classical
"Handel / Orch. Hale: Keyboard Suite in D Minor, HWV 437: III. Sarabande",George Frideric Handel,classical
"Bagatelle No. 25 in A Minor, ""Für Elise"", WoO 59",Ludwig van Beethoven,classical
"Rhapsody On A Theme Of Paganini, Op.43: Variation 18. Andante cantabile",Sergei Rachmaninoff,classical
"O Come, O Come Emmanuel",James Morgan,classical
Silent Night - Piano Version,Andrea Bocelli,classical
We'll Meet Again,Ross Parker,classical
My Friend the Forest,Nils Frahm,classical
Sussex Carol (On Christmas Night) [Live],Traditional,classical
In the Bleak Midwinter,The Sixteen,classical
The Twelve Days Of Christmas,Tenebrae,classical
I Wonder as I Wander,Traditional,classical
I Pray - Arr. Paul Campbell,Paul Mealor,classical
Now May We Singen,Cecilia McDowall,classical
The holly and the ivy,Traditional,classical
Ding Dong! Merrily on High,Anonymous,classical
Once in Royal David's City,Henry Gauntlet,classical
The First Nowell,Anonymous,classical
Somewhere in My Memory - Chorus & Orchestra Version,John Williams,classical
Dappled Light,Luke Howard,classical
Fracture,Stephan Moccio,classical
Blow The Wind Southerly (Arr. Kanneh-Mason),Traditional,classical
These Days - Solo Piano Version,Alexis Ffrench,classical
All Human Beings (Voiceless Mix) - Pt. 3,Max Richter,classical
Baby Shark,Pinkfong,family
Dance Monkey,Tones And I,family
"All I Want - From ""High School Musical: The Musical: The Series""",Olivia Rodrigo,family
The Other Side (from Trolls World Tour),SZA,family
Say So,Kidz Bop Kids,family
"Tell Me a Story, Daddy",Margith Mathiesen,family
Forget Me Not,Victor Kovacs,family
Over The River And Through The Woods,Penelope Lang,family
Always By Your Side,Margith Mathiesen,family
Dreaming,Vinnie Gianni,family
Some Things Never Change,Kristen Bell,family
"Reflection (2020) - From ""Mulan""",Christina Aguilera,family
You've Got a Friend in Me,Randy Newman,family
Into the Unknown,Idina Menzel,family
"Loyal Brave True - From ""Mulan""",Christina Aguilera,family
Kind Words,Claudia Robin Gunn,family
Glue,Frances England,family
Baby Beluga - 40th Anniversary Version,Raffi,family
Honey Oh Be,Angie Who,family
You Are My Sunshine (Version 1),Elizabeth Mitchell,family
Baby Shark,Mini Stars,family
La Canción de la Efe,Thalia,family
El Valiente Martin,Atención Atención,family
De La Luna Al Sol,El David Aguilar,family
The Moon Song,Mi Sobrino Memo,family
LA NOCHE DE ANOCHE,Bad Bunny,latin
La Nota,Manuel Turizo,latin
Dakiti,Bad Bunny,latin
BICHOTA,KAROL G,latin
Chica Ideal,Sebastian Yatra,latin
Ponte Pa' Mi,Justin Quiles,latin
TE MUDASTE,Bad Bunny,latin
La Nota,Manuel Turizo,latin
Mi Niña,Wisin,latin
BICHOTA,KAROL G,latin
s a l u d o s,KORDELYA,latin
Lotería,Sarah Silva,latin
Qué Vas A Hacer?,XAXO,latin
Te bloqueo,Naicok,latin
Vámonos,Nobeat,latin
Chunti,Beach Goons,latin
s a l u d o s,KORDELYA,latin
Oscuridad,Jasper Bones,latin
Drown,Cuco,latin
No Te Vayas with Jane,Danto,latin
Valió la Pena - Salsa Version,Marc Anthony,latin
A Puro Dolor,Son By Four,latin
Amores como el nuestro (Salsa),Jerry Rivera,latin
La Bilirrubina,Juan Luis Guerra 4.40,latin
Eres Mi Sueño - Salsa,Carlo Supo,latin
Budum,Jada Kingdom,caribbean
Lighter,Tarrus Riley,caribbean
Call Me If,Dexta Daps,caribbean
Lockdown,Koffee,caribbean
Gal Policy,Kranium,caribbean
Ocean Wave,Alkaline,caribbean
Breaking News,Dexta Daps,caribbean
Hot,Skillibeng,caribbean
Seen It Before,Busy Signal,caribbean
Promise,Masicka,caribbean
Tell Me What a Gwan,Hughie Izachaar,caribbean
So Dangerous - Dub Mix,Anthony B,caribbean
Afrikan Children,Salaam Remi,caribbean
Crazy in Love,Christopher Martin,caribbean
Come Inna The Dance,Buju Banton,caribbean
Nice Up The Dance,Kabaka Pyramid,caribbean
Switch It Up (feat. Koffee),Protoje,caribbean
Higher Place,Skip Marley,caribbean
Pressure (feat. Buju Banton) - Remix,Koffee,caribbean
Like Royalty (feat. Popcaan),Protoje,caribbean
Punanny Medley,Elephant Man,caribbean
Bam Bam,Chaka Demus & Pliers,caribbean
Sweat (A La La La La Long),Inner Circle,caribbean
Beautiful,Damian Marley,caribbean
Life (Is What You Make of It),Frighty,caribbean
Cross Road Blues,Robert Johnson,blues
Old devils,William Elliott Whitmore,blues
Seven Hells,Brown Bird,blues
The High Price of Inspiration,Hard Working Americans,blues
Crossroads,John Mayer,blues
Justice 2020 (feat. Chali 2na & Trombone Shorty),Dumpstaphunk,funk
Jam On,Bootsy Collins,funk
Power Without Greed,The Bamboos,funk
The Truth,Orgone,funk
Mother Funkin' Robots,MF Robots,funk
Give It Away,Red Hot Chili Peppers,funk
All Mixed Up,311,funk
Tell Your Story Walkin',Stevie Salas,funk
Ambush,The Fearless Flyers,funk
Crack Killed Applejack - Gravy Booty Mix,Stevie Salas,funk
Step 'N' Thru,"Grover Washington, Jr.",funk
Read My Lips,Michael Franks,funk
Catavento,Dave Grusin,funk
Sunflurry,Spyro Gyra,funk
Flight feet & Root Hands,Andreas Vollenweider,funk
Get Up Offa That Thing,James Brown,funk
Funkin' for Jamaica,Tom Browne,funk
Fantastic Voyage - Extended,Lakeside,funk
Clean up Woman,Betty Wright,funk
Get Down On It,Kool & The Gang,funk
Monsters (feat. blackbear),All Time Low,punk
What's My Age Again?,blink-182,punk
The Anthem,Good Charlotte,punk
Fat Lip,Sum 41,punk
"Sugar, We're Goin Down",Fall Out Boy,punk
Accident Prone,Jawbreaker,punk
In Circles - Remastered,Sunny Day Real Estate,punk
Standing on the Edge of Summer,Thursday,punk
Never Meant,American Football,punk
Action & Action,The Get Up Kids,punk
hole in the bottle (with Shania Twain),Kelsea Ballerini,country
Drinkin' Beer. Talkin' God. Amen. (feat. Florida Georgia Line),Chase Rice,country
Pretty Heart,Parker McCollum,country
Just About Over You - Radio Edit,Priscilla Block,country
Lose You,Jordan Davis,country
She Don't Know She's Beautiful,Sammy Kershaw,country
When You Say Nothing At All,Alison Krauss & Union Station,country
Bye-Bye,Jo Dee Messina,country
Neon Moon,Brooks & Dunn,country
Just To See You Smile,Tim McGraw,country
Forever After All,Luke Combs,country
The Bones,Maren Morris,country
The Good Ones,Gabby Barrett,country
Got What I Got,Jason Aldean,country
Love You Like I Used To,Russell Dickerson,country
She Got the Best of Me,Luke Combs,country
This Is It,Scotty McCreery,country
Closer To You,Carly Pearce,country
Do I Make You Wanna,Billy Currington,country
Marry Me,Thomas Rhett,country
Fool's Love Affair,Randy Travis,country
Love Is Alive,The Judds,country
"Lord, I Hope This Day Is Good - Single Version",Don Williams,country
40 Hour Week (For A Livin'),Alabama,country
Guitar Town,Steve Earle,country
Mighty Soul,Langhorne Slim,roots
Going In,Wild Child,roots
Barbaro,Barbaro,roots
Rubber,Ruston Kelly,roots
For All You Give (feat. Lucy Rose),The Paper Kites,roots
Calico,Haux,roots
The Only Thing I Fear,Joshua Burnside,roots
There's A Place,Roo Panes,roots
Undertow,Lisa Hannigan,roots
when i look at you.,Rosie Carney,roots
Work Song,Hozier,roots
Workin' Woman Blues,Valerie June,roots
Emmylou,First Aid Kit,roots
The Joke,Brandi Carlile,roots
If We Were Vampires,Jason Isbell and the 400 Unit,roots
Highwomen,The Highwomen,roots
The Trouble with Wanting,Joy Williams,roots
Call My Name - Acoustic,I'm With Her,roots
Thousand (feat. Lisa Hannigan),Rosie Carney,roots
Pharmakon,Humbird,roots
Unveiled,Loah,roots
The Trouble with Wanting,Joy Williams,roots
All the Pretty Girls - Recorded at Spotify Studios NYC,KALEO,roots
Warped Window,Anna Mieke,roots
Nothing Arrived - Live from Spotify London,Villagers,roots
Skechers (feat. Badshah),DripReport,desi
G.O.A.T.,Diljit Dosanjh,desi
Brown Munde,AP Dhillon,desi
Teri Meri Ladayi,Maninder Buttar,desi
Adhiya,Karan Aujla,desi
Dark Knight,Twinbeatz,desi
Running Away,Jaz Dhami,desi
Brown Magic,Twinjabi,desi
Left To Love,RIKA,desi
Nakhre (Eyes on You 2),Jay Sean,desi
Kaash,Arijit Singh,desi
Dil Bevda,Mika Singh,desi
tere bina,Zaeden,desi
Maaserati,Tanishk Bagchi,desi
Lucky Charm,Shankar Mahadevan,desi
Bahut Pyar Karte Hai - Male Version,S. P. Balasubrahmanyam,desi
"Aisi Deewangi (From ""Deewana"")",Alka Yagnik,desi
Ajnabi Mujhko Itna Bata,Jatin-Lalit,desi
Tujhe Dekha To,Lata Mangeshkar,desi
"Chhoti Si Aasha - Version, 1",A.R. Rahman,desi
Kamariya,Lijo George,desi
Proper Patola,Badshah,desi
Cheater Mohan,Kanika Kapoor,desi
"Beat Juunglee (From ""Dil Juunglee"")",Tanishk Bagchi,desi
Bhare Bazaar,Rishi Rich,desi
Niya,Manal,arab
Scoo Scoo,Abo El Anwar,arab
Hayaty Msh Tamam,Ramy Sabry,arab
Btwhasheni,Fadel Chaker,arab
Koulchi Dayez,Maestro,arab
Can't Love Myself (feat. Mishaal & LPW),HUGEL,arab
Salam Alaikum (feat. 7ari & Steve Aoki),Sfera Ebbasta,arab
Leon,pre kai ro,arab
Double G (feat. Pop Smoke),French Montana,arab
Solo,Sarahba,arab
Ansaki,Apo & the Apostles,arab
Sint El Ew,Blu Fiefer,arab
Ballet,Akher Zapheer,arab
Nater,Adonis,arab
Ya Bay,Aziz Maraka,arab
Seket El Kalam,George Wassouf,arab
Wehyaty Andak,Zekra,arab
Enta Omri,Adam,arab
Law Fina,Mais Harb,arab
Meen Habeebee Ana (Duet Nawal Al Zoghbi),Wael Kfoury,arab
Ya Aasal,Nassif Zeytoun,arab
Galatli,Al Walid Hallani,arab
Cyprus,Anas Kareem,arab
E7na Bleil Lyerheb Gomra Mix,Sara Najem,arab
Wahad Tnean,Toni Qattan,arab
"Sghubu Ses Excellent (feat. Madumane, MDU aka TRP & Bongza)",Focalistic,afro
Lento,Mr Eazi,afro
Woza (Radio Edit),Sha Sha,afro
Peace Of Mind,Rema,afro
Godly,Omah Lay,afro
"In Your Mind (feat. DJ Venom, DJ Maphorisa & Tyler ICU)",Focalistic,afro
Woza (Radio Edit),Sha Sha,afro
So Lovely,Buju,afro
Jerusalema (feat. Nomcebo Zikode),Master KG,afro
Woman,Rema,afro
Do Me,P-Square,afro
Ololufe,Wande Coal,afro
Pakurumo,WizKid,afro
Simple,Bradez,afro
Million Pound Girl (Badder Than Bad),Fuse ODG,afro
Woza (Radio Edit),Sha Sha,afro
JUMPING SHIP,Amaarae,afro
Catch A Vibe,Karun,afro
Hasara,Zuchu,afro
Emakhaya (feat. Da Capo & Sun-El Musician),Simmy,afro
"Sghubu Ses Excellent (feat. Madumane, MDU aka TRP & Bongza)",Focalistic,afro
Woza (Radio Edit),Sha Sha,afro
Sithi Sithi,Reece Madlisa,afro
Ulazi,Mr JazziQ,afro
Phone Yam,Alfa Kat,afro
Changing of the Guards,Bob Dylan,travel
What Is Life - Remastered 2014,George Harrison,travel
Just Can't Be,The Flying Burrito Brothers,travel
Band On The Run - Remastered 2010,Wings,travel
Dark Star,"Crosby, Stills & Nash",travel
Run,Steny,travel
Home,Solomun,travel
Trapdoor,Gorgon City,travel
Need To Feel Loved - Tinlicker Remix,Reflekt,travel
Enchantment,Nora En Pure,travel
Valleys (My Love),Whitney,travel
A-Punk,Vampire Weekend,travel
Let's Move To The Country,Smog,travel
"When They Fight, They Fight",Generationals,travel
Café Amarillo,Local Natives,travel
Dedicated To J Dilla,Linn Mori,travel
Nostalgia (Autumn Loves),Otokaze,travel
Pass Down,Ryosuke Kojima,travel
THANK YOU 27near PERcENT,Orihusay,travel
Memories,Mother of Moons,travel
L'amour l'amour l'amour,Mouloudji,travel
Un Homme Et Une Femme,Francis Lai,travel
Sous le ciel de Paris,Yves Montand,travel
Le tourbillon,Jeanne Moreau,travel
Quand on n'a que l'amour,Jacques Brel,travel
CALL ME BABY,EXO,kpop
Hello,CHEN,kpop
Monster,EXO,kpop
Your moonlight,CHEN,kpop
으르렁 Growl,EXO,kpop
LAST PIECE,GOT7,kpop
Life Goes On,BTS,kpop
Better,BoA,kpop
Breath,GOT7,kpop
Black Mamba,aespa,kpop
Future,Red Velvet,kpop
Running,Gaho,kpop
"Where Are you (From ""Kairos"" Original Television Soundtrack, Pt. 9)",A.C.E,kpop
At Every Moment (Bunny and Guys X Kim Jae Hwan),KIM JAE HWAN,kpop
Love Me Like You Used To,Kassy,kpop
Black Mamba,aespa,kpop
LAST PIECE,GOT7,kpop
Dream of You (with R3HAB),CHUNG HA,kpop
90's Love,NCT U,kpop
Given-Taken,ENHYPEN,kpop
Better,BoA,kpop
LAST PIECE,GOT7,kpop
Black Mamba,aespa,kpop
90's Love,NCT U,kpop
Life Goes On,BTS,kpop
