toplists,2020,at_home,pop,mood,decades,hiphop,gaming,wellness,workout,chill,focus,sleep,party,metal,rock,edm_dance,dinner,jazz,rnb,instrumental,romance,soul,indie_alt,classical,family,latin,caribbean,blues,funk,punk,country,roots,desi,arab,afro,travel,kpop
Monster (Shawn Mendes & Justin Bieber),Blinding Lights,if we never met (feat. Kelsea Ballerini),Monster (Shawn Mendes & Justin Bieber),Levitating (feat. DaBaby),Just the Two of Us (feat. Bill Withers),Errbody,I'm Ready,Astral Wonder,HOLIDAY,Goosebumps,Flow,Schlafmittel,Na Na - Tommie Sunshine & Disco Fries Remix,Black Lungs,Whole Lotta Love - 1990 Remaster,Regardless,Words Ain't Enough,Blue Train - Remastered 2003,Thank God I Found You (feat. Joe & Nas) - Make It Last Remix Edit,Let Go,"Hungry Eyes - From ""Dirty Dancing"" Soundtrack",I Heard It Through The Grapevine,you should see me in a crown,"The Well-Tempered Clavier: Book 1, BWV 846-869: 1. Prelude in C Major, BWV 846",Baby Shark,Como La Flor,Budum,Cross Road Blues,Justice 2020 (feat. Chali 2na & Trombone Shorty),Monsters (feat. blackbear),hole in the bottle (with Shania Twain),Mighty Soul,Skechers (feat. Badshah),Niya,"Sghubu Ses Excellent (feat. Madumane, MDU aka TRP & Bongza)",Changing of the Guards,CALL ME BABY
positions,Dance Monkey,Demons,positions,The Best Days (feat. Tabitha),Baby Can I Hold You,Whoopty,MEGALOVANIA,Evergreen,Walk Em Down (feat. Roddy Ricch),Can’t Imagine,Spaces,Étude des Papillons,Moments,The Path,All Along the Watchtower,Save My Life (feat. Lovespeake),I’m Okay Though,It Could Happen To You,Stutter (feat. Mystikal) - Double Take Remix,FILO,Hard to Say I'm Sorry - 2007 Remaster,I Want You Back,Youth,The Lark Ascending,Dance Monkey,Dame Un Beso,Lighter,Old devils,Jam On,What's My Age Again?,One Of Them Girls,Going In,G.O.A.T.,Scoo Scoo,Lento,What Is Life - Remastered 2014,Hello
Therefore I Am,The Box,Youngblood,Therefore I Am,Love Not War (The Tampa Beat),I Still Haven't Found What I'm Looking For - Remastered 2007,Drankin N Smokin,Little,Karlavagnen,GTA (feat. 42 Dugg),Better Days (feat. Justin Timberlake),The Tower of Embellion,Sogno Illuminum,Techno Prank,Protect The Land,Back In Black,Paul Is Dead,Take It With Me,Joy Spring,Go On Girl,High Beliefs,Every Breath You Take,My Girl,We Appreciate Power,"Handel / Orch. Hale: Keyboard Suite in D Minor, HWV 437: III. Sarabande","All I Want - From ""High School Musical: The Musical: The Series""",Amor Prohibido,Call Me If,Seven Hells,Power Without Greed,The Anthem,Down To One,Barbaro,Brown Munde,Hayaty Msh Tamam,Woza (Radio Edit),Just Can't Be,Monster
Levitating (feat. DaBaby),Roses - Imanbek Remix,Without Me,Levitating (feat. DaBaby),Edge of Midnight (Midnight Sky Remix) (feat. Stevie Nicks),What's Love Got to Do with It,On Me,Unity,Montana,Blastoff (feat. Juice Wrld & Trippie Redd),Umbrella,Quiet Dreams,Touha,Enough Of You,Let The Chaos Reign,"Paint It, Black - Mono",No Time For Tears,don't waste your time,Weaver Of Dreams - Remastered 2003/Rudy Van Gelder Edition,Stingy,W.E.,Heaven,Someday We'll Be Together,Motion Sickness,"Bagatelle No. 25 in A Minor, ""Für Elise"", WoO 59",The Other Side (from Trolls World Tour),Bidi Bidi Bom Bom,Lockdown,The High Price of Inspiration,The Truth,Fat Lip,GOOD TIME,Rubber,Teri Meri Ladayi,Btwhasheni,Peace Of Mind,Band On The Run - Remastered 2010,Your moonlight
Dakiti,Don't Start Now,This City,Dakiti,Fly Away,The Power Of Love,PRACTICE,"No Save Point - From ""Cyberpunk 2077""",Electron,Soy Una Gargola,Angels Like You,Quasar,Med slutna ögon,Deep Down Low,SLEEPS SOCIETY,Rebel Rebel - 1999 Remaster,Lovefool (feat. Pia Mia),Sundowner,This I Dig Of You - Remastered 1999/Rudy Van Gelder Edition,That Girl,Atmos Eleven,All Out of Love,Give It To Me Baby,"Archie, Marry Me","Rhapsody On A Theme Of Paganini, Op.43: Variation 18. Andante cantabile",Say So,Baila Esta Cumbia,Gal Policy,Crossroads,Mother Funkin' Robots,"Sugar, We're Goin Down",Forever After All,For All You Give (feat. Lucy Rose),Adhiya,Koulchi Dayez,Godly,Dark Star,으르렁 Growl
Errbody,Dakiti,(Everything I Do) I Do It For You,Heat Waves,This Will Be (An Everlasting Love),This Love,Fallen Blixkys,B.B. King Freestyle (with Drake),A Message of Hope,XS,The Screen,Reveries,Calm Waves pt. 2,Sexy Bitch (feat. Akon),Black Lungs,Do You Love Me,don't be so hard on yourself,Stella By Starlight,Ke Nako,808,Bad Guy,Iris,Ain't No Mountain High Enough,Sexy Boy,"O Come, O Come Emmanuel","Tell Me a Story, Daddy",Dakiti,Ocean Wave,,Give It Away,Accident Prone,She Don't Know She's Beautiful,Calico,Dark Knight,Can't Love Myself (feat. Mishaal & LPW),"In Your Mind (feat. DJ Venom, DJ Maphorisa & Tyler ICU)",Hydra,LAST PIECE
Whoopty,Toosie Slide,Another Day in Paradise - 2016 Remaster,WITHOUT YOU,Midnight Train to Georgia,If You're Not The One,No Negotiations,Dunya (feat. LukeyWorld),Morning Haze,Purple Hat,Alabora,Sea Change,Soothing Evening waves Of Nerja 1,DJ Got Us Fallin' In Love (feat. Pitbull),Glass Heart,Shakin' All Over,All My Days,Cedar Waltzin' ~ Don't You Worry 'bout a Thing,Welcome to the Hills,Never Too Busy,Blinding Lights,Torn - Acoustic MTV Unplugged,What Becomes Of The Brokenhearted - Single Version,You Can Have It All,Silent Night - Piano Version,Forget Me Not,BICHOTA,Breaking News,,All Mixed Up,In Circles - Remastered,When You Say Nothing At All,The Only Thing I Fear,Running Away,Salam Alaikum (feat. 7ari & Steve Aoki),Woza (Radio Edit),Home,Life Goes On
Drankin N Smokin,Azul,All Night Long (All Night) - Single Version,Coco (feat. DaBaby),How Long Do I Have to Wait for You?,Just Dance,TRAGIC (feat. Youngboy Never Broke Again & Internet Money),So High,White Waves,Heart Of Glass (Live from the iHeart Festival),Swim,All that Glitters,Pebble Beach Waves,Good Feeling,HostAge At A BeAch House PArty,The Twist,Her Theme,Captain’s Song,Nuda Sorgente,Nobody Else,Señorita,Crash into Me,Nowhere To Run - Single Version / Mono,The First Big Weekend,We'll Meet Again,Over The River And Through The Woods,Chica Ideal,Hot,,Tell Your Story Walkin',Standing on the Edge of Summer,Bye-Bye,There's A Place,Brown Magic,Leon,So Lovely,Trapdoor,Better
On Me,Come & Go (with Marshmello),Kiss Me,Safe With Me (with Audrey Mika),Are You Ready to Love Me?,About You Now,Whoopty,Wolves (feat. Post Malone),Midsummer Sun,Fever,All I Ever Wanted,Vals De Rodrigues,Baltic Ocean Wave Sounds,Only Girl (In The World),that won't save us,Viva Las Vegas,I Can't See,L.A. 58,Floating Island,It Had to Be You,Smells Like Teen Spirit - Piano Cover,Fade Into You,It Takes Two,Girl From Mars,My Friend the Forest,Always By Your Side,La Nota,Seen It Before,,Ambush,Never Meant,Neon Moon,Undertow,Left To Love,Double G (feat. Pop Smoke),Jerusalema (feat. Nomcebo Zikode),Need To Feel Loved - Tinlicker Remix,Breath
PRACTICE,Blinding Lights,The Man Who Can't Be Moved,Call My Friends,Love Train,Hips Don't Lie (feat. Wyclef Jean),Like Me (feat. iann dior),Tyler Herro,Cold Spring,Higher Love,Follow Me,Ripples,Waves in Westhampton Beach,Loca People - Radio Edit,Clarity,Somethin' Else,Ikebana,All Things Considered,Não Tem Nada Não,How Deep Is Your Love,Rain On Me,"I Don't Want to Miss a Thing - From ""Armageddon"" Soundtrack",Shotgun,New French Girlfriend,Sussex Carol (On Christmas Night) [Live],Dreaming,Relación - Remix,Promise,,Crack Killed Applejack - Gravy Booty Mix,Action & Action,Just To See You Smile,when i look at you.,Nakhre (Eyes on You 2),Solo,Woman,Enchantment,Black Mamba
Regardless,everything i wanted,I Follow Rivers,,Garden Song,Thinking out Loud,You’re Mines Still (feat. Drake),Anything You Synthesize - Ambient,Halvmåne,Do It All Over (feat. Marc E. Bassy),dreamin',Stardust,Close Ear to Ear Whispered Countdown to Sleep Pt.4,Shower,Rollin' (Air Raid Vehicle),Poison,Beirut,anywhere,I Think It's Going to Rain Today,Love On Top,Poetic Wax,Forever After All,My Guy,Nothing To Be Done,In the Bleak Midwinter,Some Things Never Change,TE MUDASTE,Tell Me What a Gwan,,Step 'N' Thru,,Forever After All,Work Song,Kaash,Ansaki,Do Me,Valleys (My Love),Future
Save My Life (feat. Lovespeake),the 1,Don't Leave Me Now,,Ain't No Grave (Sparse),Sorry,Letter 2 U,Nobody,Phaedra,Wonder,I Need U,May,Let Me Help You Fall Asleep ASMR,Circles,Butterfly,Kick It In - Remastered 2002,Kings,Ophelia,ignorance is bliss,Adorn,Postman,The Bones,Needle In A Haystack,Alison,The Twelve Days Of Christmas,"Reflection (2020) - From ""Mulan""",BICHOTA,So Dangerous - Dub Mix,,Read My Lips,,The Bones,Workin' Woman Blues,Dil Bevda,Sint El Ew,Ololufe,A-Punk,Running
Paul Is Dead,34+35,Unbreakable (feat. Clarence Coffee Jr.),,Washed Away,Roar,Coco (feat. DaBaby),A Beautiful Mine,Eyes of Redemption,One Whole Day (feat. Wiz Khalifa),homebody,Oltre - The Shape Of Piano To Come Vol. I,A is for Apple,Love Not War (The Tampa Beat),One Step Closer,Batdance,TIKTOK,Power Over Me,Tidal,Redbone,Lie Down,The Good Ones,You've Been In Love Too Long - Single Version,Call Me,I Wonder as I Wander,You've Got a Friend in Me,La Luz,Afrikan Children,,Catavento,,The Good Ones,Emmylou,tere bina,Ballet,Pakurumo,Let's Move To The Country,"Where Are you (From ""Kairos"" Original Television Soundtrack, Pt. 9)"
No Time For Tears,Physical,Hallucinate - Paul Woolford Remix,,Farm,Glad You Came,DOORS UNLOCKED (feat. Ty Dolla $ign & Polo G),Stop Everything! It's Snowing,Sogno Illuminum,Prisoner (feat. Dua Lipa),Rain,Gaia - The Shape Of Piano To Come Vol. I,"Super sleepy attention, close positive whispers, inaudible whispers Pt.1",Prisoner (feat. Dua Lipa),Chop Suey!,Sick Of It,Operator Bludgeoning,The Girl,In the Shadow of Joe Oliver,Don't,Tiny Things,Got What I Got,If I Were Your Woman,Just Like Honey,I Pray - Arr. Paul Campbell,Into the Unknown,Ponte Pa' Mi,Crazy in Love,,Sunflurry,,Got What I Got,The Joke,Maaserati,Nater,Simple,"When They Fight, They Fight",At Every Moment (Bunny and Guys X Kim Jae Hwan)
Lovefool (feat. Pia Mia),Without Me,You Should Know (feat. Craig Smart),,Drawing out the Line,Señorita,WRONG (feat. Lil Mosey),Open Eye Signal,Endless Nights,Donuts (feat. Yung Bae),You're All I Want,Mare di dicembre,Sleep Clinic Part 2,My Head & My Heart,Falling Away from Me,Pure,Chicane - Kumarion Remix,Georgia,I Had a Dream,Best Part (feat. H.E.R.),Lef T,Love You Like I Used To,Love Child,Genius of Love,Now May We Singen,"Loyal Brave True - From ""Mulan""",La Nota,Come Inna The Dance,,Flight feet & Root Hands,,Love You Like I Used To,If We Were Vampires,Lucky Charm,Ya Bay,Million Pound Girl (Badder Than Bad),Café Amarillo,Love Me Like You Used To
acting like that (feat. Machine Gun Kelly),Safaera,Prey,,Kiriume,I Want It That Way,Many Men (Wish Death),Fly with me,Lugnet,Mad World,don't be so hard on yourself,Remembering,Deeper Sun,Monsters (feat. blackbear),Unsainted,Last Kiss,Believer (feat. Wynter Gordon) - Radio Edit,Ocean,Together,Slow Down,Ravel's Bolero,Slow Down,What's Going On,Close To Me,The holly and the ivy,Kind Words,Blinding Lights (with ROSALÍA) - Remix,Nice Up The Dance,,Get Up Offa That Thing,,Closer To You,Highwomen,Bahut Pyar Karte Hai - Male Version,Seket El Kalam,Woza (Radio Edit),Dedicated To J Dilla,Black Mamba
Dirty,Laugh Now Cry Later (feat. Lil Durk),I Don't Care,,Beginning,Torn,Public Service Announcement (Interlude),(Theme From) Red Dead Redemption,Ethereal,Energy,All My Days,Rites of Passage,Late in the Afternoon,Take Me Out,Uncontrollable Descent,All Star,Blue (Da Ba Dee) - Gabry Ponte Video Edit,That Something,Misty - Remastered 2020,You Got It,Sleepwalk,You Got It,I Should Be Proud,Blue Monday - 2016 Remaster,Ding Dong! Merrily on High,Glue,Lento,Switch It Up (feat. Koffee),,Funkin' for Jamaica,,I'm Comin' Over,The Trouble with Wanting,"Aisi Deewangi (From ""Deewana"")",Wehyaty Andak,JUMPING SHIP,Nostalgia (Autumn Loves),LAST PIECE
ESTELLA// (feat. Travis Barker),Rojo,Crush,,Morgensol,Stay Another Day,Stop Being Greedy,Death Stranding,Spaces,Goosebumps,Her Theme,Things Unsaid,Placidity - Studio Edit,The Best (feat. Alice Merton),Paramount,She's so High,Every Word (feat. Daniella) - Wendel Kos Radio Edit,Moments of Clarity,Simplicity,Dead Man Walking,Spanish Harlem - Nuits d'Espagne,Dead Man Walking,Ball Of Confusion (That's What The World Is Today),This Charming Man - 2011 Remaster,Once in Royal David's City,Baby Beluga - 40th Anniversary Version,Más De La Una,Higher Place,,Fantastic Voyage - Extended,,Drunk Me,Call My Name - Acoustic,Ajnabi Mujhko Itna Bata,Enta Omri,Catch A Vibe,Pass Down,Dream of You (with R3HAB)
Trouble’s Coming,Wishing Well,Wish We Could Stay Like This Forever,,Con el tiempo todo se consigue,"It Must Have Been Love - From the Film ""Pretty Woman""",Dipset Anthem,Captured,Pampus,Love Not War (The Tampa Beat),I Can't See,Gouttes,Lucent Path,Lo/Hi,One Folk,Scar Tissue,Fight For You - Sultan & Ned Shephard Remix Radio Edit,Train 201,Clouds,I Like,Soleado,I Like,War,Town Called Malice,The First Nowell,Honey Oh Be,Te Olvidare,Pressure (feat. Buju Banton) - Remix,,Clean up Woman,,God's Country,Thousand (feat. Lisa Hannigan),Tujhe Dekha To,Law Fina,Hasara,THANK YOU 27near PERcENT,90's Love
Take Me Away,In Your Eyes,Sweet Hangover,,Mali Lošinj,Wonderwall,"Ante Up (feat. Busta Rhymes, Teflon & Remi Martin) - Remix",Infinity War,Rêvasseur,Edge of Midnight (Midnight Sky Remix) (feat. Stevie Nicks),Ikebana,Morning Sun,Nada,Brooklyn Bridge To Chorus,Outsider,Black Balloon,Infinity - Klaas Vocal Mix,Taormina,Our Son,Opia,Saute-Mouton,Opia,Friendship Train,She Sells Sanctuary,Somewhere in My Memory - Chorus & Orchestra Version,You Are My Sunshine (Version 1),No Me Acostumbro,Like Royalty (feat. Popcaan),,Get Down On It,,Kiss Somebody,Pharmakon,"Chhoti Si Aasha - Version, 1",Meen Habeebee Ana (Duet Nawal Al Zoghbi),Emakhaya (feat. Da Capo & Sun-El Musician),Memories,Given-Taken
Not Another Love Song,Dynamite,PAPÁS,,Body,Stayin' Alive - Remastered Version,Body,Halo,Forever Vanished,I Follow Rivers,900 Miles,Young Love,,Body,Paranoid,Smells Like Teen Spirit,Alive,La del bar,Blues Walk,Don't Waste My Time (feat. Ella Mai),Kyoto,Make You Feel My Love,Come And Get These Memories,Grass,Dappled Light,Baby Shark,s a l u d o s,Punanny Medley,,,,Fool's Love Affair,Unveiled,Kamariya,Ya Aasal,"Sghubu Ses Excellent (feat. Madumane, MDU aka TRP & Bongza)",L'amour l'amour l'amour,Better
Damage,Memories,Tattoo - Remix with Camilo,,Buss It,"Signed, Sealed, Delivered (I'm Yours)",Buss It,The Last of Us,Warmest Embrace,Don't Leave Me Now,Let Him Fly,Now and Then,,Buss It,Immigrant Song - Remaster,Zombie,Deep End - SIDEPIECE Remix,Mar Y Cielo,Moanin',Gotta Move On,Lofi Nights,Your Song,Cloud Nine,Hope There's Someone,Fracture,La Canción de la Efe,Lotería,Bam Bam,,,,Love Is Alive,The Trouble with Wanting,Proper Patola,Galatli,Woza (Radio Edit),Un Homme Et Une Femme,LAST PIECE
Hit Different,Bohemian Rhapsody - Remastered 2011,Caramelo,,Bossa Nova (feat. Tee Grizzley),Wonderful Tonight,Bossa Nova (feat. Tee Grizzley),God of War,Ocean Deep,Unbreakable (feat. Clarence Coffee Jr.),Our Town,Memories In Red,,Bossa Nova (feat. Tee Grizzley),Ace of Spades,Under the Bridge,Pop That,Lo Mismo Que Usted,Cantaloupe Island - Remastered 1999 / Rudy Van Gelder Edition,Caught Up (feat. Khalid),Treehouse,All of Me,Reach Out I'll Be There - Single Version / Mono,Wake Up,Blow The Wind Southerly (Arr. Kanneh-Mason),El Valiente Martin,Qué Vas A Hacer?,Sweat (A La La La La Long),,,,"Lord, I Hope This Day Is Good - Single Version",All the Pretty Girls - Recorded at Spotify Studios NYC,Cheater Mohan,Cyprus,Sithi Sithi,Sous le ciel de Paris,Black Mamba
Wake Up Love,What Makes You Beautiful,my future,,34+35,"Rocket Man (I Think It's Going To Be A Long, Long Time)",34+35,Pokémon®,Phaedra,Hallucinate - Paul Woolford Remix,Clay Pigeons,Asilah,,34+35,Highway Star - Remastered 2012,Killing In The Name,Get Stupid,Calaveras y Diablitos,One For Daddy-O - Remastered,Got Me (with Ari Lennox & Omen feat. Ty Dolla $ign & Dreezy),Mist,At Last - Single Version,Where Did Our Love Go,I Bet You Look Good On The Dancefloor,These Days - Solo Piano Version,De La Luna Al Sol,Te bloqueo,Beautiful,,,,40 Hour Week (For A Livin'),Warped Window,"Beat Juunglee (From ""Dil Juunglee"")",E7na Bleil Lyerheb Gomra Mix,Ulazi,Le tourbillon,90's Love
Pick Up Your Feelings,Thunder,Intentions (feat. Quavo),,Like That (feat. Gucci Mane),September,Like That (feat. Gucci Mane),Dragonborn,Will you be there when I wake up,You Should Know (feat. Craig Smart),Ooh La La - 2015 Remaster,Humbly,,Like That (feat. Gucci Mane),Holy Diver,Wonderwall - Remastered,The Answer (featuring Arthur Baker & Victor Simonelli),Oye Como Va,Book Of Slim,Bust Your Windows,Vibrations From You,Beyond,Shop Around,Killamangiro,All Human Beings (Voiceless Mix) - Pt. 3,The Moon Song,Vámonos,Life (Is What You Make of It),,,,Guitar Town,Nothing Arrived - Live from Spotify London,Bhare Bazaar,Wahad Tnean,Phone Yam,Quand on n'a que l'amour,Life Goes On
